X,Y,OBJID,INCIDENT_KEY,ADDRESS_KEY,UCC_CRIME_CLASS,UCC_PART,UCC_CODE,CRIME_TYPE,UCC_CRIME_CLASS_DESC,BLOCK_ADDRESS,DIVISION,TPD_GEO_CODE,X_Y_MAPPABLE_IND,START_DATE,START_DAY,START_TIME,END_DATE,END_DAY,END_TIME,INCIDENT_NUM,year
-95.99947790798414,36.13093524275333,31398393,31398393,1259398,1,1,1A,HOMICIDE - MURDER,HOMICIDE,22XX S JACKSON AV,Riverside,A7A8,Y,01/01/2017,Sunday,12:51,01/01/2017,Sunday,12:53,I2017000069,1/1/2000
-95.99181570808979,36.1960299951452,31759966,31759966,1187710,1,1,1A,HOMICIDE - MURDER,HOMICIDE,2XX E 029 SN,Gilcrease,A1J3,Y,01/16/2017,Monday,01:45,01/16/2017,Monday,01:50,I2017003033,1/1/2000
-95.99181570808979,36.1960299951452,31759961,31759961,1187710,1,1,1A,HOMICIDE - MURDER,HOMICIDE,2XX E 029 SN,Gilcrease,A1J3,Y,01/16/2017,Monday,01:45,01/16/2017,Monday,01:50,I2017003031,1/1/2000
-95.99181570808979,36.1960299951452,31759954,31759954,1187710,1,1,1A,HOMICIDE - MURDER,HOMICIDE,2XX E 029 SN,Gilcrease,A1J3,Y,01/16/2017,Monday,01:45,01/16/2017,Monday,01:50,I2017003032,1/1/2000
-95.85111653662425,36.11706693050665,31765751,31765751,1131775,1,1,1A,HOMICIDE - MURDER,HOMICIDE,32XX S GARNETT RD,Mingo Valley,A6P1,Y,01/15/2017,Sunday,18:45,01/15/2017,Sunday,19:28,I2017002993,1/1/2000
-96.01546999345541,36.156919999088046,32019982,32019982,1590031,1,1,1A,HOMICIDE - MURDER,HOMICIDE,20XX W BRADY ST,Gilcrease,A0A1,Y,01/26/2017,Thursday,18:00,01/26/2017,Thursday,18:09,I2017005532,1/1/2000
-95.9463873492263,36.21797733935578,32284107,32284107,1192880,1,1,1A,HOMICIDE - MURDER,HOMICIDE,28XX E 044 PN,Gilcrease,A1Q2,Y,02/05/2017,Sunday,18:00,02/05/2017,Sunday,18:05,I2017007571,1/1/2000
-95.97053204301191,36.1755612187422,32284089,32284089,1713260,1,1,1A,HOMICIDE - MURDER,HOMICIDE,14XX N STLOUIS AV,Gilcrease,A1A1,Y,01/16/2017,Monday,22:00,01/17/2017,Tuesday,05:30,I2017004188,1/1/2000
-95.97214428541923,36.18789143490145,32335779,32335779,1100630,1,1,1A,HOMICIDE - MURDER,HOMICIDE,16XX E YOUNG ST,Gilcrease,A1F5,Y,02/07/2017,Tuesday,17:39,02/07/2017,Tuesday,17:39,I2017008079,1/1/2000
-95.92784004042088,36.072688924755994,32511902,32511902,1908471,1,1,1A,HOMICIDE - MURDER,HOMICIDE,62XX S RICHMOND AV,Riverside,A8I2,Y,02/15/2017,Wednesday,03:33,02/15/2017,Wednesday,07:00,I2017009572,1/1/2000
-95.86861818618289,36.094022730381646,32571596,32571596,1320783,1,1,1A,HOMICIDE - MURDER,HOMICIDE,47XX S MINGO RD,Mingo Valley,A5T4,Y,02/17/2017,Friday,15:05,02/17/2017,Friday,18:04,I2017010376,1/1/2000
-96.06286706032556,36.1418076949899,32993465,32993465,1159020,1,1,1A,HOMICIDE - MURDER,HOMICIDE,63XX W 011 PL,Gilcrease,A0C4,Y,03/06/2017,Monday,09:15,03/06/2017,Monday,09:34,I2017013864,1/1/2000
-95.86861818618289,36.094022730381646,33110341,33110341,1320783,1,1,1A,HOMICIDE - MURDER,HOMICIDE,47XX S MINGO RD,Mingo Valley,A5T4,Y,02/17/2017,Friday,17:00,02/17/2017,Friday,23:15,I2017010372,1/1/2000
-96.0163487522363,36.17601057259802,33148845,33148845,1189109,1,1,1A,HOMICIDE - MURDER,HOMICIDE,23XX W OKLAHOMA PL,Gilcrease,A0H3,Y,03/12/2017,Sunday,19:25,03/12/2017,Sunday,19:35,I2017015487,1/1/2000
-96.0163487522363,36.17601057259802,33148838,33148838,1189109,1,1,1A,HOMICIDE - MURDER,HOMICIDE,23XX W OKLAHOMA PL,Gilcrease,A0H3,Y,03/12/2017,Sunday,19:25,03/12/2017,Sunday,19:35,I2017015471,1/1/2000
-95.93999882988622,36.03484382501804,33300246,33300246,1377127,1,1,1A,HOMICIDE - MURDER,HOMICIDE,89XX S HARVARD AV,Riverside,A8O4,Y,03/18/2017,Saturday,14:20,03/18/2017,Saturday,14:25,I2017016684,1/1/2000
-95.92245000697375,36.19095999954403,33349725,33349725,1177208,1,1,1A,HOMICIDE - MURDER,HOMICIDE,24XX N YALE AV,Gilcrease,A1H2,Y,03/20/2017,Monday,15:10,03/20/2017,Monday,15:16,I2017017050,1/1/2000
-95.972220007537,36.181090006222725,33353553,33353553,1234760,1,1,1A,HOMICIDE - MURDER,HOMICIDE,15XX E SEMINOLE ST,Gilcrease,A1F3,Y,03/20/2017,Monday,22:41,03/21/2017,Tuesday,04:51,I2017017127,1/1/2000
-95.96715725390062,36.14749751560375,33360007,33360007,1097206,1,1,1A,HOMICIDE - MURDER,HOMICIDE,11XX S UTICA AV,Riverside,A4D1,Y,03/20/2017,Monday,13:24,03/20/2017,Monday,13:31,I2017017029,1/1/2000
-95.86989984630941,36.069618415511755,33359532,33359532,1210060,1,1,1A,HOMICIDE - MURDER,HOMICIDE,95XX E 065 ST,Mingo Valley,A9G4,Y,03/20/2017,Monday,15:00,03/20/2017,Monday,15:10,I2017017062,1/1/2000
-95.8280288847106,36.11947000552535,33438875,33438875,1292871,1,1,1A,HOMICIDE - MURDER,HOMICIDE,132XX E 030 PL,Mingo Valley,A6L3,Y,03/24/2017,Friday,06:30,03/24/2017,Friday,07:14,I2017017853,1/1/2000
-95.97572999675451,36.08614999383092,33527385,33527385,1120568,1,1,1A,HOMICIDE - MURDER,HOMICIDE,53XX S PEORIA AV,Riverside,A8A2,Y,03/27/2017,Monday,19:17,03/27/2017,Monday,21:00,I2017018546,1/1/2000
-95.97219051999987,36.19253316551645,33531660,33531660,1226815,1,1,1A,HOMICIDE - MURDER,HOMICIDE,26XX N ROCKFORD AV,Gilcrease,A1K3,Y,03/25/2017,Saturday,04:05,03/25/2017,Saturday,05:23,I2017018064,1/1/2000
-95.9609500016093,36.156630001984844,34263008,34263008,1155625,1,1,1A,HOMICIDE - MURDER,HOMICIDE,21XX E 003 ST,Gilcrease,A4A2,Y,04/25/2017,Tuesday,09:00,04/25/2017,Tuesday,09:00,I2017024961,1/1/2000
-95.90459174094153,36.18472993171096,34325939,34325939,1101849,1,1,1A,HOMICIDE - MURDER,HOMICIDE,21XX N SHERIDAN RD,Gilcrease,A1I2,Y,04/28/2017,Friday,17:38,04/28/2017,Friday,17:43,I2017025819,1/1/2000
-95.91639939569828,36.16280163118551,34367724,34367724,1343769,1,1,1A,HOMICIDE - MURDER,HOMICIDE,1XX N ERIE PL,Gilcrease,A1D3,Y,04/30/2017,Sunday,12:52,04/30/2017,Sunday,13:02,I2017026035,1/1/2000
-95.95785930874105,36.16090348204394,34519345,34519345,1096311,1,1,1A,HOMICIDE - MURDER,HOMICIDE,24XX E ADMIRAL PL,Gilcrease,A1B4,Y,05/05/2017,Friday,17:15,05/05/2017,Friday,17:50,I2017027274,1/1/2000
-95.99466000651778,36.181519997881054,34630539,34630539,1210837,1,1,1A,HOMICIDE - MURDER,HOMICIDE,18XX N BOSTON PL,Gilcrease,A0G2,Y,05/10/2017,Wednesday,01:57,05/10/2017,Wednesday,02:28,I2017028113,1/1/2000
-95.96922143179009,36.07701249507144,34639245,34639245,1127072,1,1,1A,HOMICIDE - MURDER,HOMICIDE,15XX E 060 ST,Riverside,A8B3,Y,05/11/2017,Thursday,04:15,05/11/2017,Thursday,05:25,I2017028374,1/1/2000
-95.95482360116085,36.20961530079635,34921369,34921369,1282904,1,1,1A,HOMICIDE - MURDER,HOMICIDE,37XX N BIRMINGHAM AV,Gilcrease,A1Q4,Y,05/20/2017,Saturday,17:55,05/20/2017,Saturday,18:00,I2017030310,1/1/2000
-96.00877305358786,36.07770965152738,35137242,35137242,1136249,1,1,1A,HOMICIDE - MURDER,HOMICIDE,59XX S SANTAFE AV,Riverside,A7G3,Y,06/01/2017,Thursday,01:20,06/01/2017,Thursday,01:37,I2017032606,1/1/2000
-95.85839999181923,36.147800001743434,35214798,35214798,1325582,1,1,1A,HOMICIDE - MURDER,HOMICIDE,106XX E 011 ST,Mingo Valley,A5H2,Y,06/02/2017,Friday,23:00,06/02/2017,Friday,23:16,I2017033086,1/1/2000
-95.86442842457761,36.148062103871226,35214790,35214790,1267305,1,1,1A,HOMICIDE - MURDER,HOMICIDE,101XX E 011 ST,Mingo Valley,A5D3,Y,06/02/2017,Friday,22:40,06/03/2017,Saturday,00:01,I2017033083,1/1/2000
-95.82558542568,36.15424999396503,35360469,35360469,1585931,1,1,1A,HOMICIDE - MURDER,HOMICIDE,135XX E 004 PL,Mingo Valley,A6B3,Y,06/08/2017,Thursday,09:09,06/08/2017,Thursday,09:14,I2017034231,1/1/2000
-95.99350000134109,36.22050999860525,35365572,35365572,1100004,1,1,1A,HOMICIDE - MURDER,HOMICIDE,46XX N CINCINNATI AV,Gilcrease,A0S1,Y,06/09/2017,Friday,09:55,06/09/2017,Friday,09:55,I2017034546,1/1/2000
-95.94869041137044,36.16990938491579,35403140,35403140,1150821,1,1,1A,HOMICIDE - MURDER,HOMICIDE,11XX N DELAWARE AV,Gilcrease,A1B2,Y,06/11/2017,Sunday,13:45,06/11/2017,Sunday,13:51,I2017034857,1/1/2000
-95.97759260662451,36.228146482819106,35457402,35457402,1160321,1,1,1B,NEGLIGENT MANSLAUGHTER,HOMICIDE,10XX E 051 PN,Gilcrease,A1U1,Y,06/14/2017,Wednesday,01:00,06/14/2017,Wednesday,01:15,I2017035426,1/1/2000
-95.99767454140928,36.157912734995044,35524792,35524792,1091436,1,1,1A,HOMICIDE - MURDER,HOMICIDE,3XX N DENVER AV,Gilcrease,A3I1,Y,06/16/2017,Friday,07:40,06/16/2017,Friday,07:45,I2017035913,1/1/2000
-95.98453000654457,36.23182084116762,35563125,35563125,1279502,1,1,1B,NEGLIGENT MANSLAUGHTER,HOMICIDE,54XX N HARTFORD AV,Gilcrease,A1T1,Y,06/17/2017,Saturday,14:30,06/17/2017,Saturday,14:35,I2017036194,1/1/2000
-95.93417999501108,36.167468004597296,35635529,35635529,1116158,1,1,1A,HOMICIDE - MURDER,HOMICIDE,8XX N MARION AV,Gilcrease,A1C1,Y,06/21/2017,Wednesday,02:35,06/21/2017,Wednesday,02:50,I2017036892,1/1/2000
-95.8881689764958,36.15868346780142,35657213,35657213,1236356,1,1,1A,HOMICIDE - MURDER,HOMICIDE,80XX E 002 ST,Mingo Valley,A5B2,Y,06/22/2017,Thursday,01:15,06/22/2017,Thursday,01:20,I2017037181,1/1/2000
-95.8523399928117,36.15588000600815,35736033,35736033,1534283,1,1,1A,HOMICIDE - MURDER,HOMICIDE,109XX E 004 ST,Mingo Valley,A5D2,Y,06/24/2017,Saturday,20:00,06/24/2017,Saturday,20:09,I2017037808,1/1/2000
-95.9893185713481,36.23495000697375,35781722,35781722,1819368,1,1,1A,HOMICIDE - MURDER,HOMICIDE,5XX E 056 SN,Gilcrease,A1T1,Y,06/26/2017,Monday,22:05,06/26/2017,Monday,22:10,I2017038182,1/1/2000
-95.8650448465374,36.15930999833703,35850038,35850038,1167188,1,1,1A,HOMICIDE - MURDER,HOMICIDE,101XX E ADMIRAL BL,Mingo Valley,A5D5,Y,06/29/2017,Thursday,21:30,06/29/2017,Thursday,21:37,I2017038939,1/1/2000
-95.83383306801814,36.10791000249446,35914435,35914435,1290714,1,1,1A,HOMICIDE - MURDER,HOMICIDE,128XX E 039 ST,Mingo Valley,A6P4,Y,07/01/2017,Saturday,20:05,07/01/2017,Saturday,20:17,I2017039304,1/1/2000
-95.90674791860569,36.07764742427453,36016672,36016672,1278378,1,1,1A,HOMICIDE - MURDER,HOMICIDE,62XX E 060 ST,Riverside,A8E2,Y,07/06/2017,Thursday,10:15,07/06/2017,Thursday,10:31,I2017040109,1/1/2000
-95.98430000710785,36.1878000050962,36082363,36082363,1193238,1,1,1A,HOMICIDE - MURDER,HOMICIDE,24XX N HARTFORD AV,Gilcrease,A1E2,Y,07/09/2017,Sunday,20:00,07/09/2017,Sunday,20:05,I2017040813,1/1/2000
-95.98430000710785,36.1878000050962,36082362,36082362,1193238,1,1,1A,HOMICIDE - MURDER,HOMICIDE,24XX N HARTFORD AV,Gilcrease,A1E2,Y,07/09/2017,Sunday,20:00,07/09/2017,Sunday,20:05,I2017040812,1/1/2000
-95.90823949512777,36.13844060046617,36547811,36547811,1116045,1,1,1A,HOMICIDE - MURDER,HOMICIDE,61XX E 017 ST,Riverside,A5E4,Y,07/24/2017,Monday,20:00,07/27/2017,Thursday,12:44,I2017044875,1/1/2000
-95.88995676949362,36.09541798206674,36653040,36653040,1153869,1,1,1A,HOMICIDE - MURDER,HOMICIDE,74XX E 047 ST,Mingo Valley,A5S5,Y,08/01/2017,Tuesday,02:07,08/01/2017,Tuesday,02:11,I2017045795,1/1/2000
-95.90902000123378,36.14791000584722,36769906,36769906,1096562,1,1,1A,HOMICIDE - MURDER,HOMICIDE,59XX E 011 ST,Gilcrease,A5A4,Y,08/05/2017,Saturday,03:57,08/05/2017,Saturday,04:00,I2017046825,1/1/2000
-95.9137673773627,36.09125279620306,36854849,36854849,1431203,1,1,1B,NEGLIGENT MANSLAUGHTER,HOMICIDE,50XX S HUDSON AV,Riverside,A5R4,Y,08/09/2017,Wednesday,21:35,08/09/2017,Wednesday,21:45,I2017047802,1/1/2000
-95.89273171605059,36.09174620534457,22396267,22396267,1876348,1,1,1A,HOMICIDE - MURDER,HOMICIDE,49XX S 076 EA,Mingo Valley,A5S6,Y,01/03/2016,Sunday,19:30,01/03/2016,Sunday,20:12,I2016000528,1/1/2001
-95.9394774922417,36.152722492603814,22539820,22539820,1742679,1,1,1A,HOMICIDE - MURDER,HOMICIDE,33XX E 005 PL,Gilcrease,A4C3,Y,01/10/2016,Sunday,05:24,01/10/2016,Sunday,05:26,I2016001883,1/1/2001
-95.97214428541923,36.18789143490145,23124444,23124444,1100630,1,1,1A,HOMICIDE - MURDER,HOMICIDE,16XX E YOUNG ST,Gilcrease,A1F5,Y,02/01/2016,Monday,22:00,02/02/2016,Tuesday,08:45,I2016006647,1/1/2001
-95.975789994421,36.06899672971646,23189330,23189330,1145495,1,1,1A,HOMICIDE - MURDER,HOMICIDE,65XX S PEORIA AV,Riverside,A8G3,Y,02/06/2016,Saturday,02:11,02/06/2016,Saturday,02:17,I2016007659,1/1/2001
-95.94713796546387,36.0359195920628,23474328,23474328,1201272,1,1,1A,HOMICIDE - MURDER,HOMICIDE,29XX E 088 ST,Riverside,A8O4,Y,02/15/2016,Monday,19:30,02/16/2016,Tuesday,15:59,I2016010071,1/1/2001
-95.96218569537614,36.1893872694306,23512656,23512656,1690095,1,1,1A,HOMICIDE - MURDER,HOMICIDE,20XX E YOUNG PL,Gilcrease,A1F2,Y,02/18/2016,Thursday,02:50,02/18/2016,Thursday,09:03,I2016010402,1/1/2001
-95.99871000826123,36.17876500025481,23527786,23527786,1279647,1,1,1A,HOMICIDE - MURDER,HOMICIDE,2XX W QUEEN ST,Gilcrease,A0G2,Y,02/18/2016,Thursday,23:58,02/19/2016,Friday,00:16,I2016010674,1/1/2001
-95.9286199933213,36.17708999415279,24127858,24127858,1109984,1,1,1A,HOMICIDE - MURDER,HOMICIDE,43XX E PINE ST,Gilcrease,A1C2,Y,03/12/2016,Saturday,03:05,03/12/2016,Saturday,03:13,I2016015482,1/1/2001
-95.99464999852476,36.185510001958015,24127846,24127846,1141593,1,1,1A,HOMICIDE - MURDER,HOMICIDE,22XX N BOSTON PL,Gilcrease,A0G1,Y,03/11/2016,Friday,21:44,03/11/2016,Friday,21:48,I2016015441,1/1/2001
-96.02958208498848,36.07167813422848,24144982,24144982,1881780,1,1,1A,HOMICIDE - MURDER,HOMICIDE,63XX S 033 WA,Riverside,A7H5,Y,03/14/2016,Monday,21:38,03/14/2016,Monday,21:50,I2016015971,1/1/2001
-95.98137946688409,36.234134229817045,24200608,24200608,1265499,1,1,1A,HOMICIDE - MURDER,HOMICIDE,55XX N JOHNSTOWN AV,Gilcrease,A1T2,Y,03/16/2016,Wednesday,19:53,03/16/2016,Wednesday,20:06,I2016016379,1/1/2001
-95.96250204518448,36.090520402224094,24345381,24345381,1805548,1,1,1A,HOMICIDE - MURDER,HOMICIDE,21XX E SKELLY DR,Riverside,A4Q4,Y,03/23/2016,Wednesday,04:42,03/23/2016,Wednesday,04:44,I2016017727,1/1/2001
-95.96250204518448,36.090520402224094,24347378,24347378,1805548,1,1,1A,HOMICIDE - MURDER,HOMICIDE,21XX E SKELLY DR,Riverside,A4Q4,Y,03/23/2016,Wednesday,04:42,03/23/2016,Wednesday,04:44,I2016017725,1/1/2001
-95.97759203665508,36.0719971494822,24529885,24529885,1135265,1,1,1A,HOMICIDE - MURDER,HOMICIDE,63XX S OWASSO AV,Riverside,A8F2,Y,03/19/2016,Saturday,17:00,03/24/2016,Thursday,00:00,I2016018463,1/1/2001
-95.85118999562799,36.16722000083149,24647879,24647879,1095932,1,1,1A,HOMICIDE - MURDER,HOMICIDE,10XX N GARNETT RD,Gilcrease,A2C4,Y,04/03/2016,Sunday,19:00,04/03/2016,Sunday,19:33,I2016020246,1/1/2001
-96.04053999911487,36.16114000260174,24704422,24704422,1177270,1,1,1A,HOMICIDE - MURDER,HOMICIDE,5XX N 043 WA,Gilcrease,A0E1,Y,04/03/2016,Sunday,21:30,04/06/2016,Wednesday,10:00,I2016020810,1/1/2001
-95.87922694372992,36.159749997988335,24943198,24943198,1134027,1,1,1A,HOMICIDE - MURDER,HOMICIDE,88XX E ADMIRAL BL,Mingo Valley,A5C1,Y,04/15/2016,Friday,17:03,04/15/2016,Friday,17:04,I2016022915,1/1/2001
-95.9331164655457,36.15825647686461,25045839,25045839,1223013,1,1,1A,HOMICIDE - MURDER,HOMICIDE,39XX E 002 ST,Gilcrease,A4C1,Y,04/20/2016,Wednesday,00:57,04/20/2016,Wednesday,00:59,I2016023838,1/1/2001
-95.9882683355819,36.2314999986589,25312952,25312952,1197710,1,1,1A,HOMICIDE - MURDER,HOMICIDE,54XX N FRANKFORT PL,Gilcrease,A1T1,Y,04/30/2016,Saturday,15:18,04/30/2016,Saturday,15:20,I2016026430,1/1/2001
-95.92245000697375,36.19081750718161,25337958,25337958,1238864,1,1,1A,HOMICIDE - MURDER,HOMICIDE,24XX N YALE AV,Gilcrease,A1H2,Y,05/01/2016,Sunday,03:10,05/01/2016,Sunday,03:20,I2016026544,1/1/2001
-95.90102768844532,36.02653859900168,25904491,25904491,1887622,1,1,1A,HOMICIDE - MURDER,HOMICIDE,94XX S 068 EA,Mingo Valley,A9O1,Y,05/23/2016,Monday,21:24,05/23/2016,Monday,21:39,I2016031922,1/1/2001
-95.8750753365502,36.05765215837372,25904490,25904490,1887619,1,1,1A,HOMICIDE - MURDER,HOMICIDE,72XX S 090 EA,Mingo Valley,A9J2,Y,05/23/2016,Monday,23:36,05/23/2016,Monday,23:45,I2016031955,1/1/2001
-95.96989367722831,36.18956000370145,25916588,25916588,1583271,1,1,1A,HOMICIDE - MURDER,HOMICIDE,16XX E YOUNG PL,Gilcrease,A1F5,Y,05/24/2016,Tuesday,05:30,05/24/2016,Tuesday,06:00,I2016032081,1/1/2001
-95.85046071971719,36.1299207138968,26076826,26076826,1160073,1,1,1A,HOMICIDE - MURDER,HOMICIDE,113XX E 023 ST,Mingo Valley,A6K1,Y,05/29/2016,Sunday,14:56,05/29/2016,Sunday,17:46,I2016033267,1/1/2001
-95.98902000793935,36.22587000807346,26447004,26447004,1099854,1,1,1A,HOMICIDE - MURDER,HOMICIDE,49XX N FRANKFORT AV,Gilcrease,A1T3,Y,06/14/2016,Tuesday,05:00,06/14/2016,Tuesday,06:34,I2016036726,1/1/2001
-95.98902000793935,36.22587000807346,26446952,26446952,1099854,1,1,1A,HOMICIDE - MURDER,HOMICIDE,49XX N FRANKFORT AV,Gilcrease,A1T3,Y,06/14/2016,Tuesday,04:00,06/14/2016,Tuesday,05:00,I2016036720,1/1/2001
-95.9351400079662,36.17849999798833,26498243,26498243,1171478,1,1,1A,HOMICIDE - MURDER,HOMICIDE,15XX N NEWHAVEN AV,Gilcrease,A1H3,Y,06/15/2016,Wednesday,16:35,06/15/2016,Wednesday,16:51,I2016037106,1/1/2001
-95.93029000380872,36.16798999603033,26787752,26787752,1213675,1,1,1A,HOMICIDE - MURDER,HOMICIDE,8XX N QUEBEC AV,Gilcrease,A1C2,Y,06/28/2016,Tuesday,02:47,06/28/2016,Tuesday,04:59,I2016039814,1/1/2001
-95.97893000641051,36.1842800078857,26808254,26808254,1121291,1,1,1A,HOMICIDE - MURDER,HOMICIDE,10XX E VIRGIN ST,Gilcrease,A1E4,Y,06/28/2016,Tuesday,22:00,06/28/2016,Tuesday,22:09,I2016040054,1/1/2001
-95.83949886609606,36.140284384580525,26927155,26927155,1142680,1,1,1A,HOMICIDE - MURDER,HOMICIDE,122XX E 015 PL,Mingo Valley,A6F4,Y,07/03/2016,Sunday,01:27,07/03/2016,Sunday,03:45,I2016041099,1/1/2001
-95.88175244483367,36.12672000016093,26962741,26962741,1348759,1,1,1A,HOMICIDE - MURDER,HOMICIDE,85XX E 025 ST,Mingo Valley,A5K6,Y,06/25/2016,Saturday,01:40,06/25/2016,Saturday,01:43,I2016039204,1/1/2001
-95.95095337448738,36.175324429963496,27287558,27287558,1125023,1,1,1A,HOMICIDE - MURDER,HOMICIDE,27XX E OKLAHOMA ST,Gilcrease,A1B1,Y,07/17/2016,Sunday,20:14,07/17/2016,Sunday,20:33,I2016044340,1/1/2001
-96.01895735153299,36.09996011890233,27381937,27381937,1237546,1,1,1A,HOMICIDE - MURDER,HOMICIDE,23XX W 044 ST,Riverside,A7D1,Y,07/18/2016,Monday,18:00,07/18/2016,Monday,18:21,I2016044574,1/1/2001
-95.84934822317051,36.1550015489758,27862171,27862171,1715276,1,1,1A,HOMICIDE - MURDER,HOMICIDE,114XX E 004 PL,Mingo Valley,A6A2,Y,08/10/2016,Wednesday,06:00,08/10/2016,Wednesday,06:33,I2016049612,1/1/2001
-95.88167000042915,36.0265374925904,27917293,27917293,1151941,1,1,1A,HOMICIDE - MURDER,HOMICIDE,93XX S 085 EA,Mingo Valley,A9P1,Y,08/12/2016,Friday,18:45,08/12/2016,Friday,18:48,I2016050239,1/1/2001
-95.87156757691903,36.06949850399785,28125879,28125879,1260097,1,1,1A,HOMICIDE - MURDER,HOMICIDE,94XX E 065 ST,Mingo Valley,A9G4,Y,08/21/2016,Sunday,04:30,08/21/2016,Sunday,04:55,I2016052257,1/1/2001
-95.98453000654457,36.231952504110495,28144509,28144509,1119372,1,1,1A,HOMICIDE - MURDER,HOMICIDE,54XX N HARTFORD AV,Gilcrease,A1T1,Y,08/22/2016,Monday,02:30,08/22/2016,Monday,02:55,I2016052399,1/1/2001
-95.85323734265492,36.12107576033925,28169401,28169401,1138648,1,1,1A,HOMICIDE - MURDER,HOMICIDE,29XX S 111 EA,Mingo Valley,A5M4,Y,08/21/2016,Sunday,19:28,08/21/2016,Sunday,19:30,I2016052351,1/1/2001
-95.85323734265492,36.12107576033925,28173626,28173626,1138648,1,1,1A,HOMICIDE - MURDER,HOMICIDE,29XX S 111 EA,Mingo Valley,A5M4,Y,08/21/2016,Sunday,19:28,08/21/2016,Sunday,19:30,I2016052357,1/1/2001
-95.88473330123621,36.077559783089754,28179640,28179640,1437829,1,1,1A,HOMICIDE - MURDER,HOMICIDE,81XX E 060 ST,Mingo Valley,A9B5,Y,08/22/2016,Monday,20:17,08/22/2016,Monday,22:08,I2016052689,1/1/2001
-95.83710905124894,36.139183153312395,28210866,28210866,1894947,1,1,1A,HOMICIDE - MURDER,HOMICIDE,15XX S 125 EA,Mingo Valley,A6F4,Y,08/23/2016,Tuesday,20:17,08/23/2016,Tuesday,20:17,I2016052931,1/1/2001
-95.98665745104296,36.20048422257509,28249208,28249208,1104318,1,1,1A,HOMICIDE - MURDER,HOMICIDE,5XX E 032 SN,Gilcrease,A1J4,Y,08/26/2016,Friday,07:10,08/26/2016,Friday,07:10,I2016053498,1/1/2001
-96.03390000590086,36.10347999876617,28297822,28297822,1574460,1,1,1A,HOMICIDE - MURDER,HOMICIDE,41XX S 037 WA,Riverside,A7C1,Y,08/27/2016,Saturday,23:41,08/28/2016,Sunday,00:37,I2016053917,1/1/2001
-95.95797000016093,36.087342939889005,28312786,28312786,1100977,1,1,1B,NEGLIGENT MANSLAUGHTER,HOMICIDE,52XX S LEWIS AV,Riverside,A8C1,Y,08/27/2016,Saturday,13:00,08/28/2016,Sunday,19:11,I2016054043,1/1/2001
-96.00336000343323,36.1346199946624,28420725,28420725,1152342,1,1,1A,HOMICIDE - MURDER,HOMICIDE,20XX S NOGALES AV,Riverside,A7A2,Y,09/01/2016,Thursday,23:40,09/01/2016,Thursday,23:47,I2016055067,1/1/2001
-95.91954053086285,36.09481324448068,28462056,28462056,1108281,1,1,1A,HOMICIDE - MURDER,HOMICIDE,51XX E 047 PL,Riverside,A5R6,Y,09/02/2016,Friday,17:50,09/02/2016,Friday,17:51,I2016055322,1/1/2001
-95.95990000053644,36.2060000013411,28793373,28793373,1216505,1,1,1A,HOMICIDE - MURDER,HOMICIDE,23XX E 036 SN,Gilcrease,A1K2,Y,09/16/2016,Friday,19:41,09/16/2016,Friday,19:42,I2016058561,1/1/2001
-95.92200092133886,36.059807548138956,28841705,28841705,1098391,1,1,1A,HOMICIDE - MURDER,HOMICIDE,71XX S YALE AV,Riverside,A8N1,Y,09/18/2016,Sunday,22:29,09/18/2016,Sunday,22:32,I2016058913,1/1/2001
-95.88662000069736,36.09095723351581,29042921,29042921,1115105,1,1,1A,HOMICIDE - MURDER,HOMICIDE,50XX S MEMORIAL DR,Mingo Valley,A5S6,Y,09/26/2016,Monday,23:05,09/27/2016,Tuesday,00:49,I2016060395,1/1/2001
-95.99209102009779,36.15884245575025,29048881,29048881,1897481,1,1,1A,HOMICIDE - MURDER,HOMICIDE,1XX E BRADY ST,Gilcrease,A3H1,Y,09/27/2016,Tuesday,13:06,09/27/2016,Tuesday,13:06,I2016060498,1/1/2001
-95.90969080498462,36.14790413851465,29129585,29129585,1691987,1,1,1A,HOMICIDE - MURDER,HOMICIDE,59XX E 011 ST,Gilcrease,A5A4,Y,10/02/2016,Sunday,04:05,10/02/2016,Sunday,04:10,I2016061561,1/1/2001
-95.95816999238251,36.164885992699034,29300640,29300640,1138464,1,1,1A,HOMICIDE - MURDER,HOMICIDE,7XX N LEWIS AV,Gilcrease,A1A4,Y,10/10/2016,Monday,00:59,10/10/2016,Monday,01:08,I2016063297,1/1/2001
-95.95816999238251,36.164885992699034,29301184,29301184,1138464,1,1,1A,HOMICIDE - MURDER,HOMICIDE,7XX N LEWIS AV,Gilcrease,A1A4,Y,10/10/2016,Monday,00:59,10/10/2016,Monday,01:58,I2016063294,1/1/2001
-95.89562000270907,36.144497498169386,29319288,29319288,1231926,1,1,1A,HOMICIDE - MURDER,HOMICIDE,12XX S 073 EA,Mingo Valley,A5F1,Y,10/10/2016,Monday,13:40,10/10/2016,Monday,13:50,I2016063470,1/1/2001
-95.90531053947271,36.20607047638717,29384820,29384820,1094393,1,1,1A,HOMICIDE - MURDER,HOMICIDE,64XX E 036 SN,Gilcrease,A1S4,Y,10/12/2016,Wednesday,16:15,10/12/2016,Wednesday,17:10,I2016064063,1/1/2001
-95.82601999385773,36.11947000552535,29437061,29437061,1898927,1,1,1A,HOMICIDE - MURDER,HOMICIDE,30XX S 135 EA,Mingo Valley,A6L3,Y,10/15/2016,Saturday,02:15,10/15/2016,Saturday,02:30,I2016064644,1/1/2001
-95.9736808057088,36.20657263623611,29533306,29533306,1110000,1,1,1A,HOMICIDE - MURDER,HOMICIDE,36XX N QUAKER AV,Gilcrease,A1P7,Y,10/19/2016,Wednesday,09:50,10/19/2016,Wednesday,10:10,I2016065556,1/1/2001
-95.97795366550707,36.07704000447929,29539774,29539774,1093327,1,1,1A,HOMICIDE - MURDER,HOMICIDE,11XX E 060 ST,Riverside,A8A3,Y,10/19/2016,Wednesday,16:19,10/19/2016,Wednesday,20:00,I2016065702,1/1/2001
-95.96710000549852,36.15766999506474,29598538,29598538,1098838,1,1,1A,HOMICIDE - MURDER,HOMICIDE,2XX S UTICA AV,Gilcrease,A4A1,Y,10/21/2016,Friday,16:37,10/21/2016,Friday,16:47,I2016066134,1/1/2001
-95.9672000016093,36.17429999369681,29646960,29646960,1168274,1,1,1A,HOMICIDE - MURDER,HOMICIDE,13XX N UTICA AV,Gilcrease,A1A2,Y,10/23/2016,Sunday,01:37,10/23/2016,Sunday,02:13,I2016066348,1/1/2001
-95.94817489076704,36.03996000490845,29771984,29771984,1900039,1,1,1A,HOMICIDE - MURDER,HOMICIDE,28XX E 085 ST,Riverside,A8O2,Y,10/26/2016,Wednesday,12:00,10/28/2016,Friday,20:00,I2016067810,1/1/2001
-95.93233999951721,36.18587999594985,29803576,29803576,1553652,1,1,1A,HOMICIDE - MURDER,HOMICIDE,40XX E WOODROW PL,Gilcrease,A1H1,Y,10/30/2016,Sunday,01:20,10/30/2016,Sunday,01:25,I2016068183,1/1/2001
-95.97214428541923,36.18789143490145,30003837,30003837,1207754,1,1,1A,HOMICIDE - MURDER,HOMICIDE,16XX E YOUNG ST,Gilcrease,A1F5,Y,11/06/2016,Sunday,22:50,11/07/2016,Monday,01:30,I2016070188,1/1/2001
-95.88458836135794,36.07254998632072,30277491,30277491,1262316,1,1,1A,HOMICIDE - MURDER,HOMICIDE,82XX E 063 PL,Mingo Valley,A9G1,Y,11/17/2016,Thursday,22:10,11/17/2016,Thursday,22:24,I2016072754,1/1/2001
-96.02808864768377,36.15086915311928,30339832,30339832,1170514,1,1,1A,HOMICIDE - MURDER,HOMICIDE,32XX  CHARLESPAGE BL,Gilcrease,A0B6,Y,11/18/2016,Friday,21:25,11/18/2016,Friday,21:32,I2016073006,1/1/2001
-96.02808864768377,36.15086915311928,30339827,30339827,1092244,1,1,1A,HOMICIDE - MURDER,HOMICIDE,32XX  CHARLESPAGE BL,Gilcrease,A0B6,Y,11/18/2016,Friday,21:25,11/18/2016,Friday,21:32,I2016073007,1/1/2001
-96.00193531450243,36.13026224294377,30626756,30626756,1116839,1,1,1B,NEGLIGENT MANSLAUGHTER,HOMICIDE,22XX S MAYBELLE AV,Riverside,A7A8,Y,12/02/2016,Friday,03:26,12/02/2016,Friday,03:39,I2016075606,1/1/2001
-95.97384899698788,36.205980505033175,30796846,30796846,1199882,1,1,1A,HOMICIDE - MURDER,HOMICIDE,13XX E 036 SN,Gilcrease,A1P7,Y,11/19/2016,Saturday,21:30,11/19/2016,Saturday,21:34,I2016076522,1/1/2001
-95.95381939880964,36.208276928709566,30809255,30809255,1442476,1,1,1A,HOMICIDE - MURDER,HOMICIDE,36XX N BIRMINGHAM AV,Gilcrease,A1Q3,Y,12/09/2016,Friday,10:10,12/09/2016,Friday,10:14,I2016077178,1/1/2001
-96.04274026559237,36.1466101234621,31043909,31043909,1700137,1,1,1A,HOMICIDE - MURDER,HOMICIDE,45XX W 008 ST,Gilcrease,A0B5,Y,12/18/2016,Sunday,12:45,12/18/2016,Sunday,13:30,I2016079093,1/1/2001
-96.04274026559237,36.1466101234621,31043872,31043872,1700137,1,1,1A,HOMICIDE - MURDER,HOMICIDE,45XX W 008 ST,Gilcrease,A0B5,Y,12/18/2016,Sunday,13:11,12/18/2016,Sunday,13:29,I2016079094,1/1/2001
-96.00816769574092,36.15394460768668,31092308,31092308,1205423,1,1,1A,HOMICIDE - MURDER,HOMICIDE,14XX W ADMIRAL BL,Gilcrease,A0A2,Y,12/20/2016,Tuesday,17:44,12/20/2016,Tuesday,18:00,I2016079679,1/1/2001
-95.85772999273121,36.07214944867191,31092301,31092301,1134022,1,1,1A,HOMICIDE - MURDER,HOMICIDE,63XX S 107 EA,Mingo Valley,A9H2,Y,12/19/2016,Monday,21:00,12/20/2016,Tuesday,07:20,I2016079517,1/1/2001
-95.88018802956869,36.10442178946267,31275085,31275085,1111512,1,1,1A,HOMICIDE - MURDER,HOMICIDE,85XX E 041 ST,Mingo Valley,A5P3,Y,12/27/2016,Tuesday,14:00,12/27/2016,Tuesday,14:33,I2016080977,1/1/2001
-95.95791000249443,36.052029996486304,31532624,31532624,1095776,1,1,1A,HOMICIDE - MURDER,HOMICIDE,77XX S LEWIS AV,Riverside,A8K3,Y,12/31/2016,Saturday,02:50,01/01/2017,Sunday,08:29,I2017000048,1/1/2001
-95.99990697763306,36.126233229487134,14659032,14659032,1271312,1,1,1A,HOMICIDE - MURDER,HOMICIDE,7XX W 025 ST,Riverside,A7A6,Y,01/08/2015,Thursday,22:45,01/09/2015,Friday,00:40,I2015001434,1/1/2002
-95.95477837240864,36.1858408189321,14692185,14692185,1198295,1,1,1A,HOMICIDE - MURDER,HOMICIDE,22XX N ATLANTA CT,Gilcrease,A1G1,Y,01/12/2015,Monday,19:15,01/12/2015,Monday,19:15,I2015002131,1/1/2002
-95.86531159223983,36.133429999034405,14699552,14699552,1122831,1,1,1A,HOMICIDE - MURDER,HOMICIDE,99XX E 021 ST,Mingo Valley,A5L2,Y,01/13/2015,Tuesday,22:30,01/13/2015,Tuesday,22:34,I2015002390,1/1/2002
-95.86531159223983,36.133429999034405,14707178,14707178,1122831,1,1,1A,HOMICIDE - MURDER,HOMICIDE,99XX E 021 ST,Mingo Valley,A5L2,Y,01/13/2015,Tuesday,22:30,01/13/2015,Tuesday,22:34,I2015002389,1/1/2002
-95.9922000016093,36.14579999570847,14721224,14721224,1152411,1,1,1A,HOMICIDE - MURDER,HOMICIDE,3XX W 011 ST,Gilcrease,A3I3,Y,01/16/2015,Friday,17:15,01/16/2015,Friday,17:20,I2015003082,1/1/2002
-95.88988607651805,36.11630823411394,14814195,14814195,1203463,1,1,1A,HOMICIDE - MURDER,HOMICIDE,32XX S 079 EA,Mingo Valley,A5O3,Y,01/27/2015,Tuesday,09:15,01/27/2015,Tuesday,09:25,I2015005257,1/1/2002
-95.88988607651805,36.11630823411394,14813869,14813869,1274939,1,1,1A,HOMICIDE - MURDER,HOMICIDE,32XX S 079 EA,Mingo Valley,A5O3,Y,01/20/2015,Tuesday,12:00,01/21/2015,Wednesday,11:17,I2015003942,1/1/2002
-95.9066102877474,36.14946882200055,14833413,14833413,1107519,1,1,1A,HOMICIDE - MURDER,HOMICIDE,63XX E 009 ST,Gilcrease,A5A4,Y,01/31/2015,Saturday,02:14,01/31/2015,Saturday,02:16,I2015006157,1/1/2002
-96.00372252076703,36.1599903071666,14866616,14866616,1096325,1,1,1A,HOMICIDE - MURDER,HOMICIDE,5XX N MAYBELLE AV,Gilcrease,A0D6,Y,02/03/2015,Tuesday,12:40,02/03/2015,Tuesday,12:43,I2015006758,1/1/2002
-95.90458091152195,36.17223727425857,14890128,14890128,1838886,1,1,1A,HOMICIDE - MURDER,HOMICIDE,12XX N SHERIDAN RD,Gilcrease,A2A2,Y,02/06/2015,Friday,21:00,02/06/2015,Friday,21:07,I2015007549,1/1/2002
-95.8799199930531,36.12663435386922,14968808,14968808,1170181,1,1,1A,HOMICIDE - MURDER,HOMICIDE,25XX S 087 EA,Mingo Valley,A5K1,Y,02/16/2015,Monday,10:30,02/16/2015,Monday,10:36,I2015009363,1/1/2002
-95.98578499545364,36.17385999404549,15070010,15070010,1851574,1,1,1A,HOMICIDE - MURDER,HOMICIDE,6XX E NEWTON PL,Gilcrease,A3C3,Y,03/02/2015,Monday,23:00,03/03/2015,Tuesday,12:35,I2015012150,1/1/2002
-95.97860500647751,36.07526000665188,15108266,15108266,1097114,1,1,1A,HOMICIDE - MURDER,HOMICIDE,10XX E 061 ST,Riverside,A8F2,Y,03/07/2015,Saturday,22:40,03/07/2015,Saturday,22:47,I2015013024,1/1/2002
-95.8660120008744,36.146159998471134,15134709,15134709,1250305,1,1,1A,HOMICIDE - MURDER,HOMICIDE,99XX E 012 ST,Mingo Valley,A5H1,Y,03/12/2015,Thursday,00:17,03/12/2015,Thursday,00:35,I2015013852,1/1/2002
-95.8660120008744,36.146159998471134,15134708,15134708,1250305,1,1,1A,HOMICIDE - MURDER,HOMICIDE,99XX E 012 ST,Mingo Valley,A5H1,Y,03/12/2015,Thursday,00:17,03/12/2015,Thursday,00:35,I2015013853,1/1/2002
-95.96507939674434,36.05036385843837,15192006,15192006,1570132,1,1,1A,HOMICIDE - MURDER,HOMICIDE,78XX S VICTOR AV,Riverside,A8K3,Y,03/19/2015,Thursday,18:00,03/20/2015,Friday,10:31,I2015015477,1/1/2002
-95.8310920346434,36.10552183050047,15197096,15197096,1099205,1,1,1A,HOMICIDE - MURDER,HOMICIDE,40XX S 130 EA,Mingo Valley,A6Q3,Y,03/19/2015,Thursday,18:00,03/20/2015,Friday,23:09,I2015015598,1/1/2002
-95.9755900021994,36.200382499792134,15244007,15244007,1120642,1,1,1A,HOMICIDE - MURDER,HOMICIDE,32XX N PEORIA AV,Gilcrease,A1K2,Y,03/27/2015,Friday,02:04,03/27/2015,Friday,02:10,I2015016913,1/1/2002
-95.76955999364316,36.09283999348223,15285981,15285981,1853762,1,1,1A,HOMICIDE - MURDER,HOMICIDE,186XX E 049 ST,Mingo Valley,A6Y4,Y,03/30/2015,Monday,08:00,04/01/2015,Wednesday,15:32,I2015018266,1/1/2002
-95.76955999364316,36.09283999348223,15285979,15285979,1853762,1,1,1A,HOMICIDE - MURDER,HOMICIDE,186XX E 049 ST,Mingo Valley,A6Y4,Y,03/30/2015,Monday,08:00,04/01/2015,Wednesday,15:32,I2015018265,1/1/2002
-95.76955999364316,36.09283999348223,15285945,15285945,1853762,1,1,1A,HOMICIDE - MURDER,HOMICIDE,186XX E 049 ST,Mingo Valley,A6Y4,Y,03/30/2015,Monday,08:00,04/01/2015,Wednesday,15:32,I2015018264,1/1/2002
-95.96087999594985,36.151989998041984,15316900,15316900,1234408,1,1,1A,HOMICIDE - MURDER,HOMICIDE,5XX S ZUNIS AV,Gilcrease,A4A4,Y,04/02/2015,Thursday,18:00,04/03/2015,Friday,14:45,I2015018669,1/1/2002
-95.96691000450609,36.08574000139475,15486742,15486742,1223096,1,1,1A,HOMICIDE - MURDER,HOMICIDE,54XX S UTICA AV,Riverside,A8B1,Y,04/27/2015,Monday,00:07,04/27/2015,Monday,00:10,I2015023882,1/1/2002
-95.9994000065714,36.1503000050962,15524686,15524686,1099207,1,1,1A,HOMICIDE - MURDER,HOMICIDE,3XX S HOUSTON AV,Gilcrease,A3I2,Y,04/30/2015,Thursday,21:00,04/30/2015,Thursday,21:10,I2015024855,1/1/2002
-96.00695999753236,36.13258000694693,16008701,16008701,1109407,1,1,1A,HOMICIDE - MURDER,HOMICIDE,21XX  SOUTHWEST BL,Riverside,A7A2,Y,06/01/2015,Monday,02:40,06/01/2015,Monday,02:43,I2015031467,1/1/2002
-95.88434999678137,36.10443250153556,16275549,16275549,1858835,1,1,1A,HOMICIDE - MURDER,HOMICIDE,81XX E 041 ST,Mingo Valley,A5P3,Y,06/09/2015,Tuesday,01:40,06/09/2015,Tuesday,01:51,I2015033431,1/1/2002
-95.97316215027344,36.2083267842726,16487898,16487898,1344778,1,1,1A,HOMICIDE - MURDER,HOMICIDE,37XX N QUAKER AV,Gilcrease,A1P7,Y,06/15/2015,Monday,23:30,06/16/2015,Tuesday,02:30,I2015035025,1/1/2002
-95.82919122005647,36.12574000474751,16772136,16772136,1252501,1,1,1A,HOMICIDE - MURDER,HOMICIDE,132XX E 027 ST,Mingo Valley,A6L3,Y,06/26/2015,Friday,04:30,06/26/2015,Friday,04:38,I2015037501,1/1/2002
-95.99354249759271,36.19218999361634,16957630,16957630,1341442,1,1,1A,HOMICIDE - MURDER,HOMICIDE,26XX N CINCINNATI AV,Gilcrease,A0L3,Y,07/02/2015,Thursday,14:00,07/02/2015,Thursday,14:30,I2015039015,1/1/2002
-95.98948399659895,36.17107800668943,17068522,17068522,1148769,1,1,1A,HOMICIDE - MURDER,HOMICIDE,4XX E LATIMER CT,Gilcrease,A3B2,Y,07/06/2015,Monday,23:45,07/07/2015,Tuesday,00:10,I2015039817,1/1/2002
-95.94462510427088,36.186149993830924,17126960,17126960,1220344,1,1,1A,HOMICIDE - MURDER,HOMICIDE,31XX E WOODROW PL,Gilcrease,A1G2,Y,07/05/2015,Sunday,11:45,07/05/2015,Sunday,11:58,I2015039469,1/1/2002
-95.90967000109968,36.164989995359775,17242251,17242251,1532276,1,1,1A,HOMICIDE - MURDER,HOMICIDE,7XX N KINGSTON AV,Gilcrease,A1D4,Y,07/13/2015,Monday,00:46,07/13/2015,Monday,00:51,I2015041024,1/1/2002
-95.91872386522436,36.095039991738794,17290842,17290842,1194803,1,1,1A,HOMICIDE - MURDER,HOMICIDE,52XX E 047 PL,Riverside,A5R6,Y,07/12/2015,Sunday,14:02,07/12/2015,Sunday,14:04,I2015040933,1/1/2002
-95.97860500647751,36.07526000665188,17489475,17489475,1097114,1,1,1A,HOMICIDE - MURDER,HOMICIDE,10XX E 061 ST,Riverside,A8F2,Y,06/21/2015,Sunday,07:00,06/21/2015,Sunday,22:00,I2015043037,1/1/2002
-95.97899793335785,36.18533260734872,17509569,17509569,1132213,1,1,1A,HOMICIDE - MURDER,HOMICIDE,21XX N MADISON PL,Gilcrease,A1E2,Y,07/23/2015,Thursday,22:26,07/24/2015,Friday,03:31,I2015043726,1/1/2002
-95.99350000134109,36.22050999860525,17560721,17560721,1123908,1,1,1A,HOMICIDE - MURDER,HOMICIDE,2XX E 046 SN,Gilcrease,A1O1,Y,07/17/2015,Friday,15:42,07/17/2015,Friday,16:00,I2015042268,1/1/2002
-95.95312195736895,36.17351804590333,17677587,17677587,1175038,1,1,1A,HOMICIDE - MURDER,HOMICIDE,26XX E NEWTON ST,Gilcrease,A1B1,Y,07/30/2015,Thursday,05:17,07/30/2015,Thursday,05:40,I2015045085,1/1/2002
-96.02491235881521,36.16122823051977,18161763,18161763,1142210,1,1,1A,HOMICIDE - MURDER,HOMICIDE,29XX W EDISON ST,Gilcrease,A0B1,Y,08/07/2015,Friday,07:00,08/07/2015,Friday,08:05,I2015046875,1/1/2002
-95.886699997586,36.15500000670552,18409891,18409891,1251136,1,1,1A,HOMICIDE - MURDER,HOMICIDE,81XX E 004 PL,Mingo Valley,A5C3,Y,08/28/2015,Friday,02:30,08/28/2015,Friday,03:20,I2015051520,1/1/2002
-95.94034000689327,36.18298999938309,18423604,18423604,1205368,1,1,1A,HOMICIDE - MURDER,HOMICIDE,20XX N HARVARD AV,Gilcrease,A1G4,Y,08/28/2015,Friday,20:32,08/28/2015,Friday,20:38,I2015051743,1/1/2002
-95.9221799923289,36.09221093161171,18785681,18785681,1102151,1,1,1A,HOMICIDE - MURDER,HOMICIDE,47XX S YALE AV,Riverside,A5R3,Y,09/12/2015,Saturday,00:01,09/12/2015,Saturday,00:10,I2015054996,1/1/2002
-95.98390999713006,36.19145999686181,19058046,19058046,1174453,1,1,1A,HOMICIDE - MURDER,HOMICIDE,26XX N HARTFORD AV,Gilcrease,A1J3,Y,09/20/2015,Sunday,20:08,09/20/2015,Sunday,23:20,I2015056958,1/1/2002
-96.00540775279151,36.15386734329864,19326234,19326234,1135230,1,1,1A,HOMICIDE - MURDER,HOMICIDE,0XX N PHOENIX AV,Gilcrease,A0A3,Y,10/03/2015,Saturday,12:45,10/03/2015,Saturday,13:00,I2015059786,1/1/2002
-95.9323000010729,36.18600000804663,19447498,19447498,1119914,1,1,1A,HOMICIDE - MURDER,HOMICIDE,23XX N NEWHAVEN AV,Gilcrease,A1H1,Y,10/05/2015,Monday,11:10,10/05/2015,Monday,11:15,I2015060106,1/1/2002
-96.0380972776918,36.16464454358188,19783731,19783731,1860609,1,1,1A,HOMICIDE - MURDER,HOMICIDE,41XX W INDEPENDENCE ST,Gilcrease,A0E1,Y,10/21/2015,Wednesday,03:00,10/21/2015,Wednesday,03:12,I2015063545,1/1/2002
-95.93786816673685,36.16800000402331,19829156,19829156,1286117,1,1,1A,HOMICIDE - MURDER,HOMICIDE,35XX E KING ST,Gilcrease,A1C1,Y,10/20/2015,Tuesday,02:00,10/20/2015,Tuesday,02:15,I2015063310,1/1/2002
-95.96118999227524,36.19881999560117,20154621,20154621,1193628,1,1,1A,HOMICIDE - MURDER,HOMICIDE,21XX E 031 SN,Gilcrease,A1K4,Y,10/29/2015,Thursday,16:45,10/29/2015,Thursday,16:49,I2015065841,1/1/2002
-95.96586000343322,36.16085000549853,20592329,20592329,1271836,1,1,1A,HOMICIDE - MURDER,HOMICIDE,0XX N VICTOR AV,Gilcrease,A1A4,Y,11/05/2015,Thursday,17:45,11/05/2015,Thursday,21:45,I2015067395,1/1/2002
-95.99027323664863,36.1943182930689,20701835,20701835,1157659,1,1,1A,HOMICIDE - MURDER,HOMICIDE,3XX E 027 CN,Gilcrease,A1J3,Y,11/08/2015,Sunday,10:31,11/08/2015,Sunday,10:35,I2015067903,1/1/2002
-95.90053942579263,36.048374229200135,20758179,20758179,1568889,1,1,1A,HOMICIDE - MURDER,HOMICIDE,68XX E 079 ST,Mingo Valley,A9I3,Y,11/10/2015,Tuesday,20:30,11/10/2015,Tuesday,20:40,I2015068572,1/1/2002
-95.92004999973177,36.09478000185072,20792725,20792725,1102881,1,1,1A,HOMICIDE - MURDER,HOMICIDE,47XX S BRADEN AV,Riverside,A5R3,Y,11/11/2015,Wednesday,18:30,11/11/2015,Wednesday,18:39,I2015068789,1/1/2002
-96.00890934334154,36.076226021049976,21545879,21545879,1439887,1,1,1A,HOMICIDE - MURDER,HOMICIDE,60XX S SANTAFE AV,Riverside,A7G3,Y,12/01/2015,Tuesday,14:56,12/01/2015,Tuesday,15:18,I2015072770,1/1/2002
-95.89185714822158,36.11502285242217,21655017,21655017,1091242,1,1,1A,HOMICIDE - MURDER,HOMICIDE,33XX S 079 EA,Mingo Valley,A5O3,Y,12/04/2015,Friday,18:00,12/05/2015,Saturday,23:00,I2015073857,1/1/2002
-95.888022863151,36.069690952506114,21655031,21655031,1867379,1,1,1A,HOMICIDE - MURDER,HOMICIDE,63XX S 080 EA,Mingo Valley,A9F2,Y,12/05/2015,Saturday,16:00,12/05/2015,Saturday,21:00,I2015073855,1/1/2002
-95.95325222891584,36.174544443535474,21901982,21901982,1454418,1,1,1A,HOMICIDE - MURDER,HOMICIDE,13XX N BIRMINGHAM PL,Gilcrease,A1B1,Y,12/15/2015,Tuesday,22:12,12/16/2015,Wednesday,07:30,I2015076166,1/1/2002
-95.97535026299059,36.20880198791932,21986093,21986093,1171657,1,1,1A,HOMICIDE - MURDER,HOMICIDE,13XX E 038 SN,Gilcrease,A1P7,Y,12/19/2015,Saturday,10:36,12/19/2015,Saturday,10:36,I2015076972,1/1/2002
-95.94879453137781,36.21797118703849,22109492,22109492,1097878,1,1,1A,HOMICIDE - MURDER,HOMICIDE,28XX E 044 PN,Gilcrease,A1Q2,Y,12/23/2015,Wednesday,21:00,12/23/2015,Wednesday,21:30,I2015078057,1/1/2002
